{
  "Classification": {
    "mlp_cv": {
      "f1": [
        0.6359150869235224,
        0.0341057798738682
      ],
      "mauc": [
        0.8403137587479289,
        0.058961525114124336
      ]
    },
    "knn_cv": {
      "f1": [
        0.5857447669887638,
        0.033217625468497824
      ],
      "mauc": [
        0.8049356797706284,
        0.03994039157191803
      ]
    },
    "logreg_cv": {
      "f1": [
        0.631310186105931,
        0.031076369064235054
      ],
      "mauc": [
        0.8473858270038919,
        0.05789814189911274
      ]
    }
  },
  "Retrieval": {
    "recall@5": [
      0.9097976865965547,
      0.006403430721881098
    ],
    "map": [
      0.367809245477537,
      0.0018862234588315208
    ]
  },
  "Clustering": {
    "nmi": [
      {
        "Skin lesions": 8,
        "Mammograms": 9
      },
      0.09337159979036308,
      0.08120025702437575
    ]
  }
}