{
  "Classification": {
    "mlp_cv_f1": [
      0.6444730781657495,
      0.034898047763733286
    ],
    "knn_cv_f1": [
      0.5877738636018792,
      0.029137095147656555
    ],
    "logreg_cv_f1": [
      0.6307965619508968,
      0.03303749284761087
    ]
  },
  "Retrieval": {
    "recall@5": [
      0.9097976865965547,
      0.006403430721881098
    ],
    "map": [
      0.367809245477537,
      0.0018862234588315208
    ]
  },
  "Clustering": {
    "nmi": [
      {
        "Skin lesions": 8,
        "Mammograms": 9
      },
      0.09337159979036308,
      0.08120025702437575
    ]
  }
}