{
  "Classification": {
    "mlp_cv_f1": [
      0.5598876934711237,
      0.06461755097212721
    ],
    "knn_cv_f1": [
      0.508722475475461,
      0.07184611417216535
    ],
    "logreg_cv_f1": [
      0.5342168757325542,
      0.048751466568789814
    ]
  },
  "Retrieval": {
    "recall@5": [
      0.8598805859844121,
      0.05352723524463826
    ],
    "map": [
      0.33970800061155554,
      0.02963146661727256
    ]
  },
  "Clustering": {
    "nmi": [
      {
        "Skin lesions": 5,
        "Mammograms": 10
      },
      0.04736592336881236,
      0.03660813303852982
    ]
  }
}