{
  "Classification": {
    "mlp_cv": {
      "f1": [
        0.5406128670974751,
        0.039920547412641505
      ],
      "mauc": [
        0.7647827054616727,
        0.0025899513094746474
      ]
    },
    "knn_cv": {
      "f1": [
        0.4976399389934727,
        0.06350485142683812
      ],
      "mauc": [
        0.7223727016933414,
        0.047427024734788326
      ]
    },
    "logreg_cv": {
      "f1": [
        0.5297538980207938,
        0.04487939117245321
      ],
      "mauc": [
        0.7803450663744114,
        0.0015934072912545116
      ]
    }
  },
  "Retrieval": {
    "recall@5": [
      0.8598805859844121,
      0.05352723524463826
    ],
    "map": [
      0.33970800061155554,
      0.02963146661727256
    ]
  },
  "Clustering": {
    "nmi": [
      {
        "Skin lesions": 5,
        "Mammograms": 10
      },
      0.04736592336881236,
      0.03660813303852982
    ]
  }
}