{
  "Classification": {
    "mlp_cv": {
      "f1": [
        0.6171085161005181,
        0.007137803374764495
      ],
      "mauc": [
        0.8292149066040886,
        0.022673203546055287
      ]
    },
    "knn_cv": {
      "f1": [
        0.5744008468870613,
        0.025463809219815725
      ],
      "mauc": [
        0.7792901614971339,
        0.01900234258518968
      ]
    },
    "logreg_cv": {
      "f1": [
        0.6237155604772291,
        0.01054110888530374
      ],
      "mauc": [
        0.8370910009068329,
        0.024092214145512658
      ]
    }
  },
  "Retrieval": {
    "recall@5": [
      0.9009156310320852,
      0.041472637124339407
    ],
    "map": [
      0.3525476959629785,
      0.029491401130514405
    ]
  },
  "Clustering": {
    "nmi": [
      {
        "Skin lesions": 8,
        "Mammograms": 10
      },
      0.047715399519899664,
      0.022030141106065323
    ]
  }
}