{
  "Classification": {
    "mlp_cv_f1": [
      0.6691534056468214,
      0.1617265874624805
    ],
    "knn_cv_f1": [
      0.6437364134752402,
      0.18317956189959245
    ],
    "logreg_cv_f1": [
      0.6318978405404287,
      0.11927791002036713
    ]
  },
  "Retrieval": {
    "recall@5": [
      0.9105799212732391,
      0.06414026443855583
    ],
    "map": [
      0.3909789771397991,
      0.0818614773641138
    ]
  },
  "Clustering": {
    "nmi": [
      {
        "Skin lesions": 10,
        "Ocular fundi": 8,
        "Mammograms": 10
      },
      0.06845625997919019,
      0.026782710388168016
    ]
  }
}